file,type,sha256,bytes,downloaded_at
eval/dev100_sheet.xlsx,eval,2378d6176109dd1e07ec0b64bcc2eff31522d09cba883a393d7e9389ee4bbb5e,231858,2026-09-30
laws/act/พรบ/พรบ.เเรงงาน.docx,พรบ,721586f6597104ac56f315261956e991e423b791bb311f039b59e4d81bb4c31d,179313,2026-09-30
laws/act/พรบ/พรบ.เเรงงาน.pdf,พรบ,52a1b4c06a650cbcf50f579f0ad45ded23dd29d7b434f74482b3db85b39b07c8,774967,2026-09-30
laws/act/พรบ/พรบเเรงงานสัมพันต้นฉบับ.pdf,พรบ,602326859f36739b009383e62dde62e71f5597ff8ffab61721d35b2c2bbf5c53,256933,2026-09-30
laws/act/พรบ/พรบแรงงานสัมพันธ์.docx,พรบ,5d0b63579afa858f5dbb8d11ce6e5cfa354cca7466317c20ba35c37e43dc031c,171089,2026-09-30
laws/announcement/ประกาศ/ประกาศกระทรวงแรงงานหลักเกณฑ์และวิธีการเรียกในการทำงานจากลูกจ้าง พ.ศ. 2551.docx,ประกาศ,db2d30b74304d5d4bde3f552858f90400a778abe9e9aaeb1c7987daea498ba02,142057,2026-09-30
laws/decree/พรก/1พระราชกฤษฎีกา กำหนดงานที่ให้มีการคุ้มครองแรงงานแตกต่างไปจากพระราชบัญญัติคุ้มครองแรงงาน พ.ศ. 2541.docx,พรก,a79cec309b96a3c5d36cfa7f546543aeef95587cec415095cf6105e398be7c15,141073,2026-09-30
laws/ministerial/กฎกระทรวง/กฎกระทรวง (พ.ศ. 2541) ออกตามความในพระราชบัญญัติคุ้มครองแรงงาน พ.ศ. 2541-1.docx,กฎกระทรวง,d938fe0eac55dd90649fd40e4470e6c51ad331b8eaedd6c396a9cdd763f9b1d2,140976,2026-09-30
laws/ministerial/กฎกระทรวง/กฎกระทรวง (พ.ศ. 2541) ออกตามความในพระราชบัญญัติคุ้มครองแรงงาน พ.ศ. 2541-11.docx,กฎกระทรวง,c9beb0735ae8cafa56d14e198ab5adecedcb4b14b3866a46292bf8b904a8137a,142171,2026-09-30
laws/ministerial/กฎกระทรวง/กฎกระทรวง (พ.ศ. 2541) ออกตามความในพระราชบัญญัติคุ้มครองแรงงาน พ.ศ. 2541-12.docx,กฎกระทรวง,e44f319945e0911c1b6931b602770f30124b1386d914b6fdcc17064a39e1bf61,139624,2026-09-30
laws/ministerial/กฎกระทรวง/กฎกระทรวง (พ.ศ. 2541) ออกตามความในพระราชบัญญัติคุ้มครองแรงงาน พ.ศ. 2541-13.docx,กฎกระทรวง,d855f3b4721815d9e43d00399ae92d929325ca4bd6057b06688e570bdc369fb3,139155,2026-09-30
laws/ministerial/กฎกระทรวง/กฎกระทรวง (พ.ศ. 2541) ออกตามความในพระราชบัญญัติคุ้มครองแรงงาน พ.ศ. 2541-14.docx,กฎกระทรวง,cc950301b8788fddfa806fb335a5b092533402fb051ec949c92ed6a00e9d754b,139286,2026-09-30
laws/ministerial/กฎกระทรวง/กฎกระทรวง (พ.ศ. 2541) ออกตามความในพระราชบัญญัติคุ้มครองแรงงาน พ.ศ. 2541-15.docx,กฎกระทรวง,174b26e3dc9b14e20e1f5c1b4c3ef9891909412b64b6dff7456aa2bdf286c1fe,139416,2026-09-30
laws/ministerial/กฎกระทรวง/กฎกระทรวง (พ.ศ. 2541) ออกตามความในพระราชบัญญัติคุ้มครองแรงงาน พ.ศ. 2541-2.docx,กฎกระทรวง,c6502d57f94c8438d92d227ad6aff6a66c635e8281119d4d57cabbb1df773364,139897,2026-09-30
laws/ministerial/กฎกระทรวง/กฎกระทรวง (พ.ศ. 2541) ออกตามความในพระราชบัญญัติคุ้มครองแรงงาน พ.ศ. 2541-3.docx,กฎกระทรวง,0f60f40e9cdc5bcc903ef1186a4f14ae86d9c5bbfad10f84b884a7a7fa57df3f,138795,2026-09-30
laws/ministerial/กฎกระทรวง/กฎกระทรวง (พ.ศ. 2541) ออกตามความในพระราชบัญญัติคุ้มครองแรงงาน พ.ศ. 2541-4.docx,กฎกระทรวง,f671f30144f58c5ed1163fd50a4c0569db771181bc87670b18b818bcadb9330f,139092,2026-09-30
laws/ministerial/กฎกระทรวง/กฎกระทรวง (พ.ศ. 2541) ออกตามความในพระราชบัญญัติคุ้มครองแรงงาน พ.ศ. 2541-5.docx,กฎกระทรวง,cb6b50a8017baec1d873487c7b12508e5c31dd53cbcb608608d2aa9a7db426c4,139318,2026-09-30
laws/ministerial/กฎกระทรวง/กฎกระทรวง (พ.ศ. 2541) ออกตามความในพระราชบัญญัติคุ้มครองแรงงาน พ.ศ. 2541-6.docx,กฎกระทรวง,037b9181cd587c0619a6e2ffe51f699b6e669cdf52c9090b2b36c24eef2f7f4b,140387,2026-09-30
laws/ministerial/กฎกระทรวง/กฎกระทรวง (พ.ศ. 2541) ออกตามความในพระราชบัญญัติคุ้มครองแรงงาน พ.ศ. 2541-7.docx,กฎกระทรวง,3ceb14c60944623ca98cb68a5bb2d51b4e85db13588362b3dce5da8f6eb58994,140466,2026-09-30
laws/ministerial/กฎกระทรวง/กฎกระทรวง กำหนดค่าล่วงเวลาและค่าตอบแทนการทำงานที่เกินวันละแปดชั่วโมงพ.ศ. 2568.docx,กฎกระทรวง,1cc826de821c6ce1d136b7c5dd4dada306302f62e5f99857589309dfab8b5fd5,139238,2026-09-30
laws/ministerial/กฎกระทรวง/กฎกระทรวง กำหนดสถานที่ที่ห้ามนายจ้างให้ลูกจ้างซึ่งเป็นเด็กอายุต่ำกว่าสิบแปดปีทำงาน พ.ศ. 2559.docx,กฎกระทรวง,8131243cce75575e560ccdf346525e661c6685cd6a5e955309f0b9d70303af0f,138795,2026-09-30
laws/ministerial/กฎกระทรวง/กฎกระทรวง ฉบับที่ 1 เเรงงานสัมพันธ.docx,กฎกระทรวง,5848703a1feb725357d720f2948d0595597bca95b5fa8ac5c005b7c62abdc637,142588,2026-09-30
laws/ministerial/กฎกระทรวง/กฎกระทรวง ว่าด้วยการคุ้มครองแรงงานในงานที่รับไปทำที่บ้าน พ.ศ. 2547.docx,กฎกระทรวง,1a0756840179032126d462c7325e60fa6271a41f1ff5629065b26674f7ee053b,140790,2026-09-30
laws/ministerial/กฎกระทรวง/กฎกระทรวง ว่าด้วยการจัดสวัสดิการในสถานประกอบกิจการ พ.ศ. 2548.docx,กฎกระทรวง,ff83122a7709be3f10915742ee9dfe09eafc53c8306b6361f7be5e48a9c958fa,140826,2026-09-30
laws/ocs/CCC.txt,ocs,0439c210406df269087684102c550aade046cf975c11bb90a4a4424e5afb5784,1805137,2026-09-30
laws/ocs/LCA2522.txt,ocs,f7d9ca6f43fe4fe87447e39bfa63aebbd359c9bac15aa566d3714fea3ea82f86,106138,2026-09-30
laws/ocs/LRA2518.txt,ocs,dee3b5ffee95fa138ef1b78194aeef195f9a22c80f07a1392d31b4779a8c4786,219633,2026-09-30
laws/ocs/MR-LPA-01.txt,ocs,91264bfefb038f355428f60863c77f47bcf7b8b647f99a0c63cc775354536153,13384,2026-09-30
laws/ocs/MR-LPA-OT2568.txt,ocs,2e7cbf544b9fdd9b8272264d8087be8cdea61c330031419a726d3d4dc0f7afbe,8085,2026-09-30
